frame,eng_chars,rus_chars,eng_rus_chars,eng_seconds,rus_seconds,eng_rus_seconds,error
001 - 00-00-00.png,0,0,0,0.327,0.327,0.447,
002 - 00-10-40.png,0,0,0,0.319,0.319,0.449,
003 - 00-10-44.png,0,0,0,0.307,0.32,0.445,
004 - 00-20-05.png,0,0,0,0.303,0.325,0.454,
005 - 00-21-36.png,461,450,462,0.5,0.544,0.73,
006 - 00-23-07.png,464,455,463,0.501,0.539,0.725,
007 - 00-23-41.png,0,0,0,0.294,0.322,0.448,
008 - 00-24-47.png,192,191,193,0.381,0.411,0.615,
009 - 00-29-18.png,0,0,0,0.299,0.322,0.447,
010 - 00-31-32.png,32,31,29,0.358,0.393,0.546,
011 - 00-31-42.png,0,0,0,0.314,0.341,0.469,
012 - 00-32-57.png,0,0,0,0.27,0.297,0.427,
013 - 00-33-01.png,0,0,0,0.294,0.319,0.445,
014 - 00-34-53.png,0,0,0,0.234,0.261,0.385,
015 - 00-35-17.png,0,0,0,0.236,0.26,0.397,
016 - 00-39-58.png,55,52,53,0.335,0.357,0.52,
017 - 00-40-20.png,0,0,0,0.291,0.321,0.45,
018 - 00-44-40.png,0,0,0,0.307,0.321,0.446,
019 - 00-51-59.png,269,228,271,0.544,0.576,0.836,
020 - 00-52-44.png,70,81,71,0.323,0.341,0.525,
021 - 00-52-51.png,369,293,338,0.577,0.654,0.94,
022 - 00-52-56.png,316,258,286,0.538,0.613,0.869,
023 - 00-53-00.png,393,345,380,0.577,0.645,0.968,
024 - 00-54-04.png,218,180,214,0.753,0.785,1.006,
025 - 00-54-38.png,335,340,319,0.593,0.617,0.999,
026 - 00-56-00.png,112,99,99,0.359,0.388,0.591,
027 - 00-57-27.png,440,490,444,0.76,0.794,1.402,
028 - 00-58-12.png,258,315,265,0.524,0.557,0.92,
029 - 01-00-20.png,573,643,573,0.75,0.788,1.346,
030 - 01-00-51.png,765,850,835,1.202,1.258,1.825,
031 - 01-01-28.png,785,847,794,1.263,1.279,1.833,
032 - 01-01-34.png,2788,2536,2807,1.334,1.716,2.568,
033 - 01-05-26.png,2188,1946,2168,1.051,1.363,2.139,
034 - 01-05-30.png,71,69,70,0.343,0.371,0.56,
035 - 01-05-40.png,47,60,50,0.328,0.363,0.524,
036 - 01-05-42.png,86,75,81,0.376,0.399,0.589,
037 - 01-05-47.png,91,82,88,0.399,0.412,0.651,
038 - 01-05-51.png,60,63,63,0.349,0.375,0.528,
039 - 01-05-59.png,49,40,40,0.339,0.369,0.515,
040 - 01-06-11.png,130,152,137,0.485,0.52,0.862,
041 - 01-06-16.png,89,80,87,0.382,0.399,0.622,
042 - 01-06-20.png,133,144,129,0.458,0.502,0.765,
043 - 01-06-30.png,48,40,40,0.338,0.366,0.517,
044 - 01-06-41.png,63,62,62,0.373,0.39,0.572,
045 - 01-06-46.png,90,78,84,0.376,0.406,0.615,
046 - 01-06-51.png,47,40,40,0.344,0.368,0.548,
047 - 01-06-59.png,39,37,37,0.321,0.345,0.503,
048 - 01-07-09.png,104,93,99,0.407,0.431,0.641,
049 - 01-07-13.png,87,75,81,0.37,0.405,0.585,
050 - 01-07-19.png,178,223,177,0.496,0.519,0.857,
051 - 01-07-29.png,46,40,40,0.343,0.365,0.519,
052 - 01-07-40.png,101,84,90,0.413,0.42,0.634,
053 - 01-07-44.png,89,77,83,0.381,0.409,0.642,
054 - 01-07-50.png,48,40,40,0.339,0.37,0.548,
055 - 01-08-00.png,48,40,40,0.339,0.365,0.512,
056 - 01-08-10.png,50,60,50,0.336,0.352,0.521,
057 - 01-08-14.png,109,104,106,0.395,0.429,0.637,
058 - 01-08-19.png,94,92,98,0.383,0.404,0.598,
059 - 01-08-21.png,234,261,236,0.554,0.605,0.923,
060 - 01-08-30.png,40,37,37,0.314,0.343,0.495,
061 - 01-08-39.png,49,58,50,0.323,0.35,0.521,
062 - 01-08-42.png,107,96,102,0.383,0.409,0.598,
063 - 01-08-47.png,96,93,95,0.404,0.432,0.637,
064 - 01-08-50.png,47,40,40,0.341,0.374,0.519,
065 - 01-08-55.png,46,40,40,0.339,0.371,0.514,
066 - 01-09-00.png,42,37,37,0.311,0.338,0.501,
067 - 01-09-10.png,283,287,284,0.425,0.436,0.694,
068 - 01-09-13.png,411,435,429,0.464,0.486,0.782,
069 - 01-09-26.png,400,437,425,0.463,0.445,0.757,
070 - 01-09-40.png,310,411,304,0.568,0.585,0.971,
071 - 01-09-42.png,188,289,223,0.444,0.469,0.754,
072 - 01-09-44.png,116,245,218,0.414,0.408,0.649,
073 - 01-09-58.png,1662,1747,1685,1.229,1.213,2.11,
074 - 01-10-04.png,1851,1918,1886,1.217,1.236,2.229,
075 - 01-17-11.png,1948,2005,1976,1.197,1.225,2.115,
076 - 01-18-12.png,728,794,786,0.635,0.701,1.144,
077 - 01-18-18.png,486,768,647,0.722,0.675,1.166,
078 - 01-18-27.png,616,811,762,0.692,0.63,1.088,
079 - 01-18-33.png,574,744,717,0.758,0.714,1.132,
080 - 01-18-35.png,658,875,821,0.822,0.747,1.223,
081 - 01-18-49.png,622,734,699,0.822,0.836,1.229,
082 - 01-18-54.png,363,534,432,0.678,0.681,1.12,
083 - 01-18-56.png,314,456,402,0.588,0.573,0.936,
084 - 01-20-07.png,186,250,246,0.448,0.451,0.698,
085 - 01-20-10.png,821,1625,1353,1.104,0.857,1.734,
086 - 01-20-15.png,1549,1513,1512,1.072,0.948,1.626,
087 - 01-20-25.png,1545,1529,1529,0.903,0.944,1.58,
088 - 01-25-00.png,572,741,640,0.654,0.698,1.186,
089 - 01-25-11.png,271,380,308,0.518,0.58,0.908,
090 - 01-26-26.png,292,379,298,0.494,0.534,0.859,
091 - 01-32-15.png,141,130,142,0.295,0.347,0.495,
092 - 01-32-21.png,138,128,138,0.297,0.344,0.498,
093 - 01-33-54.png,116,113,115,0.327,0.364,0.561,
094 - 01-38-25.png,2958,2703,2951,1.251,1.624,2.609,
095 - 01-40-02.png,198,172,199,0.365,0.412,0.596,
096 - 01-43-25.png,965,898,941,0.776,0.917,1.454,
